{
  "t+1h": {
    "mae": 20.85388946533203,
    "rmse": 51.15010271556158,
    "r2": 0.20052635669708252
  },
  "t+3h": {
    "mae": 17.89910125732422,
    "rmse": 51.670795365951165,
    "r2": 0.2062891125679016
  },
  "t+6h": {
    "mae": 19.406274795532227,
    "rmse": 44.75224494630828,
    "r2": 0.22530841827392578
  },
  "t+12h": {
    "mae": 18.33651351928711,
    "rmse": 39.862907465481776,
    "r2": 0.2947678565979004
  },
  "t+24h": {
    "mae": 18.653728485107422,
    "rmse": 41.67915812105239,
    "r2": 0.24926817417144775
  }
}